{
    "key": "group_62ded654adbcf",
    "title": "Content",
    "fields": [
        {
            "key": "field_62ded66752415",
            "label": "",
            "name": "content",
            "aria-label": "",
            "type": "flexible_content",
            "instructions": "",
            "required": 0,
            "conditional_logic": 0,
            "wrapper": {
                "width": "",
                "class": "",
                "id": ""
            },
            "layouts": {
                "layout_62f3d87512bff": {
                    "key": "layout_62f3d87512bff",
                    "name": "hero_slider",
                    "label": "Hero Slider",
                    "display": "block",
                    "sub_fields": [
                        {
                            "key": "field_64248f366c44d",
                            "label": "Slide",
                            "name": "slide",
                            "aria-label": "",
                            "type": "repeater",
                            "instructions": "",
                            "required": 0,
                            "conditional_logic": 0,
                            "wrapper": {
                                "width": "",
                                "class": "",
                                "id": ""
                            },
                            "layout": "table",
                            "min": 0,
                            "max": 0,
                            "collapsed": "",
                            "button_label": "Add Slide",
                            "rows_per_page": 20,
                            "sub_fields": [
                                {
                                    "key": "field_64248f4e6c44e",
                                    "label": "Image",
                                    "name": "image",
                                    "aria-label": "",
                                    "type": "image",
                                    "instructions": "",
                                    "required": 0,
                                    "conditional_logic": 0,
                                    "wrapper": {
                                        "width": "20",
                                        "class": "",
                                        "id": ""
                                    },
                                    "return_format": "array",
                                    "library": "all",
                                    "min_width": "",
                                    "min_height": "",
                                    "min_size": "",
                                    "max_width": "",
                                    "max_height": "",
                                    "max_size": "",
                                    "mime_types": "",
                                    "preview_size": "thumbnail",
                                    "parent_repeater": "field_64248f366c44d"
                                },
                                {
                                    "key": "field_64248f5d6c44f",
                                    "label": "Title",
                                    "name": "title",
                                    "aria-label": "",
                                    "type": "text",
                                    "instructions": "",
                                    "required": 0,
                                    "conditional_logic": 0,
                                    "wrapper": {
                                        "width": "",
                                        "class": "",
                                        "id": ""
                                    },
                                    "default_value": "",
                                    "maxlength": "",
                                    "placeholder": "",
                                    "prepend": "",
                                    "append": "",
                                    "parent_repeater": "field_64248f366c44d"
                                },
                                {
                                    "key": "field_64248f666c450",
                                    "label": "Text",
                                    "name": "text",
                                    "aria-label": "",
                                    "type": "textarea",
                                    "instructions": "",
                                    "required": 0,
                                    "conditional_logic": 0,
                                    "wrapper": {
                                        "width": "",
                                        "class": "",
                                        "id": ""
                                    },
                                    "default_value": "",
                                    "maxlength": "",
                                    "rows": 4,
                                    "placeholder": "",
                                    "new_lines": "wpautop",
                                    "parent_repeater": "field_64248f366c44d"
                                }
                            ]
                        }
                    ],
                    "min": "",
                    "max": ""
                },
                "layout_62f508aaa9264": {
                    "key": "layout_62f508aaa9264",
                    "name": "info_cards",
                    "label": "Info Cards",
                    "display": "block",
                    "sub_fields": [
                        {
                            "key": "field_62f5095ea9267",
                            "label": "Items",
                            "name": "items",
                            "aria-label": "",
                            "type": "repeater",
                            "instructions": "",
                            "required": 0,
                            "conditional_logic": 0,
                            "wrapper": {
                                "width": "",
                                "class": "",
                                "id": ""
                            },
                            "collapsed": "",
                            "min": 0,
                            "max": 0,
                            "layout": "block",
                            "button_label": "Add Item",
                            "rows_per_page": 20,
                            "sub_fields": [
                                {
                                    "key": "field_62f50981a9268",
                                    "label": "Title",
                                    "name": "title",
                                    "aria-label": "",
                                    "type": "text",
                                    "instructions": "",
                                    "required": 0,
                                    "conditional_logic": 0,
                                    "wrapper": {
                                        "width": "50",
                                        "class": "",
                                        "id": ""
                                    },
                                    "default_value": "",
                                    "maxlength": "",
                                    "placeholder": "",
                                    "prepend": "",
                                    "append": "",
                                    "parent_repeater": "field_62f5095ea9267"
                                },
                                {
                                    "key": "field_62f509b5a926c",
                                    "label": "Image",
                                    "name": "image",
                                    "aria-label": "",
                                    "type": "image",
                                    "instructions": "",
                                    "required": 0,
                                    "conditional_logic": 0,
                                    "wrapper": {
                                        "width": "25",
                                        "class": "",
                                        "id": ""
                                    },
                                    "return_format": "array",
                                    "library": "all",
                                    "min_width": "",
                                    "min_height": "",
                                    "min_size": "",
                                    "max_width": "",
                                    "max_height": "",
                                    "max_size": "",
                                    "mime_types": "",
                                    "preview_size": "thumbnail",
                                    "parent_repeater": "field_62f5095ea9267"
                                },
                                {
                                    "key": "field_62f50987a9269",
                                    "label": "Link",
                                    "name": "link",
                                    "aria-label": "",
                                    "type": "link",
                                    "instructions": "",
                                    "required": 0,
                                    "conditional_logic": 0,
                                    "wrapper": {
                                        "width": "25",
                                        "class": "",
                                        "id": ""
                                    },
                                    "return_format": "array",
                                    "parent_repeater": "field_62f5095ea9267"
                                }
                            ]
                        }
                    ],
                    "min": "",
                    "max": ""
                }
            },
            "min": "",
            "max": "",
            "button_label": "Add Block"
        }
    ],
    "location": [
        [
            {
                "param": "page_template",
                "operator": "==",
                "value": "default"
            }
        ],
        [
            {
                "param": "page_template",
                "operator": "==",
                "value": "index.php"
            }
        ]
    ],
    "menu_order": 0,
    "position": "normal",
    "style": "default",
    "label_placement": "top",
    "instruction_placement": "label",
    "hide_on_screen": [
        "the_content",
        "featured_image"
    ],
    "active": true,
    "description": "",
    "show_in_rest": 0,
    "modified": 1680184982
}